<POOR_IN200901UV xmlns="urn:hl7-org:v3" xmlns:xsi="http://www.w3.org/2001/XMLSchema-instance" ITSVersion="XML_1.0" xsi:schemaLocation="urn:hl7-org:v3 ../multicacheschemas/POOR_IN200901UV.xsd">
	<id root="040CD76A-ED0E-400B-9FD3-60387BCDE0EB"/>
	<creationTime value="20130116112855"/>
	<interactionId root="2.16.840.1.113883.1.6" extension="POOR_IN200901UV"/>
	<processingCode code="P"/>
	<processingModeCode code="I"/>
	<acceptAckCode code="AL"/>
	<receiver typeCode="RCV">
		<telecom/>
		<device classCode="DEV" determinerCode="INSTANCE">
			<id root="1.2.840.114350.1.13.999.567"/>
		</device>
	</receiver>
	<sender typeCode="SND">
		<telecom/>
		<device classCode="DEV" determinerCode="INSTANCE">
			<id root="1.2.840.114350.1.13.999.234"/>
		</device>
	</sender>
	<controlActProcess classCode="CACT" moodCode="EVN">
		<code code="POOR_TE200901UV" codeSystem="2.16.840.1.113883.1.6"/>
		<subject typeCode="SUBJ">
			<observationRequest classCode="OBS" moodCode="RQO">
				<!--电子申请单编号-->
				<id root="2.16.156.10011.1.24" extension="HA20110211oi9O3M65"/>
				<!--申请单类型-->
				<code/>
				<!--申请单项目内容-->
				<text/>
				<!--申请单状态-->
				<statusCode code="active"/>
				<!--申请单有效期间-->
				<effectiveTime xsi:type="IVL_TS">
					<!--申请单计划开始日期时间-->
					<low value="20110202030303"/>
					<!--申请单计划结束日期时间-->
					<high value="20110202030303"/>
				</effectiveTime>
				<!--优先（紧急）度-->
				<priorityCode code="R" displayName="routine" codeSystem="2.16.840.1.113883.1.11.16866" codeSystemName="ActPriority"/>
				<!--标本信息-->
				<specimen typeCode="SPC" contextControlCode="OP">
					<specimen classCode="SPEC">
						<!--标本号-->
						<id root="2.16.156.10011.1.14" extension="SP1234567890"/>
						<!--标本类别-->
						<code/>
						<specimenNatural classCode="ENT" determinerCode="INSTANCE">
							<code/>
							<!--标本状态-->
							<desc>对受检标本状态的描述</desc>
							<additive classCode="ADTV">
								<additive3 classCode="MAT" determinerCode="INSTANCE">
									<!--标本固定液名称-->
									<desc xsi:type="ST">福尔马林</desc>
								</additive3>
							</additive>
						</specimenNatural>
						<productOf typeCode="PRD">
							<!--标本采样日期时间-->
							<time value="20130303020404"/>
							<!--标本接收-->
							<specimenProcessStep classCode="ACSN" moodCode="EVN">
								<!--接收标本日期时间-->
								<effectiveTime value="20130303040404"/>
							</specimenProcessStep>
						</productOf>
					</specimen>
				</specimen>
				<!--记录对象-->
				<recordTarget typeCode="RCT" contextControlCode="OP">
					<patient classCode="PAT">
						<!--门（急）诊号标识 -->
						<id root="2.16.156.10011.1.10" extension="E10000000"/>
						<!--住院号标识-->
						<id root="2.16.156.10011.1.12" extension="HA201102113393876"/>
					</patient>
				</recordTarget>
				<!--申请单开立者-->
				<author typeCode="AUT" contextControlCode="OP">
					<!--申请单开立日期时间-->
					<time value="20120202030303"/>
					<signatureCode code="S"/>
					<!--申请单开立者签名-->
					<signatureText>胡影</signatureText>
					<assignedEntity classCode="ASSIGNED">
						<!--医务人员ID-->
						<id root="2.16.156.10011.1.4" extension="120109197706015518"/>
						<assignedPerson classCode="PSN" determinerCode="INSTANCE">
							<!--申请单开立者-->
							<name>胡影</name>
						</assignedPerson>
						<representedOrganization classCode="ORG" determinerCode="INSTANCE">
							<!--医疗卫生机构（科室）ID-->
							<id root="2.16.156.10011.1.26" extension="1234567890"/>
							<!--申请单开立科室-->
							<name>呼吸内科</name>
						</representedOrganization>
					</assignedEntity>
				</author>
				<!--申请单审核者-->
				<verifier typeCode="VRF" contextControlCode="OP">
					<!--申请单审核日期时间-->
					<time value="20120202030303"/>
					<signatureCode code="S"/>
					<!--申请单审核者签名-->
					<signatureText>胡影</signatureText>
					<assignedEntity classCode="ASSIGNED">
						<!--医务人员ID-->
						<id root="2.16.156.10011.1.4" extension="120109197706015518"/>
						<assignedPerson classCode="PSN" determinerCode="INSTANCE">
							<!--申请单审核者-->
							<name>胡影</name>
						</assignedPerson>
					</assignedEntity>
				</verifier>
				<!--目的-->
				<goal typeCode="OBJC">
					<observationEventCriterion>
						<text>keep systolic blood pressure between 90 and 110 mm Hg.</text>
					</observationEventCriterion>
				</goal>
				<!--原因-->
				<reason typeCode="RSON" contextControlCode="OP" contextConductionInd="true">
					<!--现病史-->
					<observation classCode="OBS" moodCode="EVN">
						<code code="DE04.01.119.00" displayName="主诉" codeSystem="2.16.156.10011.2.2.1" codeSystemName="卫生信息数据元目录"/>
						<value xsi:type="ST">发热13天，呼吸困难8天。</value>
					</observation>
				</reason>
				<reason typeCode="RSON" contextControlCode="OP" contextConductionInd="true">
					<!--症状描述-->
					<observation classCode="OBS" moodCode="EVN">
						<code code="DE04.01.117.00" displayName="症状描述" codeSystem="2.16.156.10011.2.2.1" codeSystemName="卫生信息数据元目录"/>
						<value xsi:type="ST">发热13天，呼吸困难8天。</value>
					</observation>
				</reason>
				<!--申请单备注信息-->
				<subjectOf6 typeCode="SUBJ" contextConductionInd="false">
					<seperatableInd value="false"/>
					<annotation>
						<!--申请单备注信息-->
						<text>对下达申请单的补充说明和注意事项提示</text>
						<statusCode code="completed"/>
						<author>
							<assignedEntity classCode="ASSIGNED">
								<!--医务人员ID-->
								<id root="2.16.156.10011.1.4" extension="120109197706015518"/>
								<assignedPerson classCode="PSN" determinerCode="INSTANCE">
									<!--申请单开立者-->
									<name>李巍巍</name>
								</assignedPerson>
								<representedOrganization classCode="ORG" determinerCode="INSTANCE">
									<!--医疗卫生机构（科室）ID-->
									<id root="2.16.156.10011.1.26" extension="1234567890"/>
									<!--申请单开立科室-->
									<name>呼吸内科</name>
								</representedOrganization>
							</assignedEntity>
						</author>
					</annotation>
				</subjectOf6>
				<!--就医信息-->
				<componentOf1 contextConductionInd="false">
					<encounter classCode="ENC" moodCode="EVN">
						<id/>
						<statusCode code="active"/>
						<subject typeCode="SBJ">
							<patient classCode="PAT">
								<!--门（急）诊号标识 -->
								<id root="2.16.156.10011.1.10" extension="E10000000"/>
								<!--住院号标识-->
								<id root="2.16.156.10011.1.12" extension="HA201102113366666"/>
								<!--患者就医联系电话-->
								<telecom/>
								<!--患者角色状态-->
								<statusCode code="active"/>
								<patientPerson classCode="PSN" determinerCode="INSTANCE">
									<!--患者身份证号-->
									<id root="2.16.156.10011.1.3" extension="123456789011"/>
									<name use="L">陈易北</name>
									<!--性别-->
									<administrativeGenderCode code="1" codeSystem="2.16.156.10011.2.3.3.4" displayName="男性" codeSystemName="生理性别代码表（GB/T 2261.1）"/>
									<!--出生日期-->
									<birthTime value="19570323"/>
									<asOtherIDs classCode="ROL">
										<!--健康档案编号-->
										<id root="2.16.156.10011.1.2" extension="1234567890"/>
										<!--健康卡号-->
										<id root="2.16.156.10011.1.19" extension="979475932"/>
									</asOtherIDs>
								</patientPerson>
							</patient>
						</subject>
						<!--住院位置-->
						<location typeCode="LOC">
							<time/>
							<serviceDeliveryLocation classCode="SDLOC">
								<location classCode="PLC" determinerCode="INSTANCE">
									<!--DE01.00.026.00	病床号-->
									<id root="2.16.156.10011.1.22" extension="001"/>
									<name>1床</name>
									<asLocatedEntityPartOf classCode="LOCE">
										<location classCode="PLC" determinerCode="INSTANCE">
											<!--DE01.00.019.00	病房号-->
											<id root="2.16.156.10011.1.21" extension="001"/>
											<name>205室</name>
										</location>
									</asLocatedEntityPartOf>
								</location>
								<serviceProviderOrganization classCode="ORG" determinerCode="INSTANCE">
									<!--DE08.10.026.00	科室名称-->
									<id root="2.16.156.10011.1.26" extension="001"/>
									<name>呼吸内科</name>
									<asOrganizationPartOf classCode="PART">
										<!-- DE08.10.054.00	病区名称 -->
										<wholeOrganization classCode="ORG" determinerCode="INSTANCE">
											<id root="2.16.156.10011.1.27" extension="001"/>
											<name>1病区</name>
										</wholeOrganization>
									</asOrganizationPartOf>
								</serviceProviderOrganization>
							</serviceDeliveryLocation>
						</location>
					</encounter>
				</componentOf1>
			</observationRequest>
		</subject>
	</controlActProcess>
</POOR_IN200901UV>
