﻿<QUMT_IN020030PL xmlns="urn:hl7-org:v3" xmlns:xsi="http://www.w3.org/2001/XMLSchema-instance" ITSVersion="XML_1.0" xsi:schemaLocation="urn:hl7-org:v3 ../multicacheschemas/QUMT_IN020030PL.xsd">
	<id root="1ee83ff1-08ab-4fe7-b573-ea777e9bad51"/>
	<creationTime value="20080625141610"/>
	<interactionId extension="QUMT_IN020030PL" root="2.16.840.1.113883.1.6" displayable="true"/>
	<processingCode code="P"/>
	<processingModeCode code="T"/>
	<acceptAckCode code="AL"/>
	<receiver typeCode="RCV">
		<telecom/>
		<device classCode="DEV" determinerCode="INSTANCE">
			<id root="1.2.840.114350.1.13.999.567"/>
		</device>
	</receiver>
	<sender typeCode="SND">
		<telecom/>
		<device classCode="DEV" determinerCode="INSTANCE">
			<id root="1.2.840.114350.1.13.999.234"/>
		</device>
	</sender>
	<controlActProcess classCode="CACT" moodCode="EVN">
		<code code="QUMT_TE020030PL" codeSystem="2.16.840.1.113883.1.6"/>
		<queryByParameter>
			<statusCode code="new"></statusCode>
			<queryByParameterPayload>
				<statusCode code="new"></statusCode>
				<!--医嘱ID-->
				<actId>
					<value root="1.2.3.4.5" extension="OB9L2R34"></value>
					<semanticsText>Act.ID</semanticsText>
				</actId>
				<!--医嘱开立者ID(医务人员ID)-->
				<authorId>
					<value root="2.16.156.10011.1.4" extension="120109197706015518"></value>
					<semanticsText>author.Entity.ID</semanticsText>
				</authorId>
				<!--医嘱有效期间-->
				<effectiveTime>
					<value>
						<low value="20110202030303"></low>
						<high value="20110203030303"></high>
					</value>
					<semanticsText>EffectiveTime</semanticsText>
				</effectiveTime>
				<!--患者ID-->
				<patientId>
					<value root="2.16.156.10011.1.3" extension="123456789011"></value>
					<semanticsText>recordTarget.Patient.ID</semanticsText>
				</patientId>
				<!--医嘱状态-->
				<statusCodeParam>
					<value code="active"></value>
					<semanticsText>StatusCode</semanticsText>
				</statusCodeParam>
			</queryByParameterPayload>
		</queryByParameter>
	</controlActProcess>
</QUMT_IN020030PL>
