﻿<?xml version="1.0" encoding="UTF-8"?>
<QUMT_IN020030PL xmlns="urn:hl7-org:v3" xmlns:xsi="http://www.w3.org/2001/XMLSchema-instance" ITSVersion="XML_1.0" xsi:schemaLocation="urn:hl7-org:v3 ../multicacheschemas/QUMT_IN020030PL.xsd">
	<id root="1ee83ff1-08ab-4fe7-b573-ea777e9bad51"/>
	<creationTime value="20080625141610"/>
	<interactionId extension="QUMT_IN020030PL" root="2.16.840.1.113883.1.6" displayable="true"/>
	<processingCode code="P"/>
	<processingModeCode code="T"/>
	<acceptAckCode code="AL"/>
	<receiver typeCode="RCV">
		<telecom/>
		<device classCode="DEV" determinerCode="INSTANCE">
			<id root="1.2.840.114350.1.13.999.567"/>
		</device>
	</receiver>
	<sender typeCode="SND">
		<telecom/>
		<device classCode="DEV" determinerCode="INSTANCE">
			<id root="1.2.840.114350.1.13.999.234"/>
		</device>
	</sender>
	<controlActProcess classCode="CACT" moodCode="EVN">
		<code code="QUMT_TE020030PL" codeSystem="2.16.840.1.113883.1.6"/>
		<queryByParameter>
			<statusCode code="new"/>
			<queryByParameterPayload>
				<statusCode code="new"/>
				<!--申请单ID-->
				<actId>
					<value root="2.16.156.10011.1.24" extension="HA2011021094436665"/>
					<semanticsText>Act.ID</semanticsText>
				</actId>
				<!--申请单开立者ID(医务人员ID)-->
				<authorId>
					<value root="2.16.156.10011.1.4" extension="1234567890"/>
					<semanticsText>author.Entity.ID</semanticsText>
				</authorId>
				<!--申请单有效期间-->
				<effectiveTime>
					<value>
						<low value="20130303040404"/>
						<high value="20130303050505"/>
					</value>
					<semanticsText>EffectiveTime</semanticsText>
				</effectiveTime>
				<!--患者ID-->
				<patientId>
					<value root="2.16.156.10011.1.12" extension="12345678901w"/>
					<semanticsText>recordTarget.Patient.ID</semanticsText>
				</patientId>
				<!--申请单状态-->
				<statusCodeParam>
					<value code="active"/>
					<semanticsText>StatusCode</semanticsText>
				</statusCodeParam>
			</queryByParameterPayload>
		</queryByParameter>
	</controlActProcess>
</QUMT_IN020030PL>
